clip_name,can_detect_ultra_lenient,detection_rate_ultra_lenient,detected_frames,total_frames,issue
38_set2_rally7_ball5_Clear.mp4,True,100.0,61,61,low_confidence
38_set2_rally16_ball4_Clear.mp4,True,62.295081967213115,38,61,low_confidence
38_set3_rally31_ball4_Smash.mp4,True,90.1639344262295,55,61,low_confidence
38_set2_rally7_ball6_Clear.mp4,True,93.44262295081968,57,61,low_confidence
38_set3_rally39_ball7_Clear.mp4,True,42.62295081967213,26,61,low_confidence
38_set3_rally23_ball2_Smash.mp4,True,59.01639344262295,36,61,low_confidence
38_set3_rally2_ball2_Smash.mp4,True,73.77049180327869,45,61,low_confidence
38_set3_rally33_ball17_Clear.mp4,True,81.9672131147541,50,61,low_confidence
38_set1_rally24_ball8_Smash.mp4,True,65.57377049180327,40,61,low_confidence
38_set2_rally14_ball7_Smash.mp4,True,91.80327868852459,56,61,low_confidence
41_set3_rally40_ball14_Smash.mp4,True,21.311475409836063,13,61,low_confidence
41_set1_rally8_ball15_Clear.mp4,True,96.72131147540983,59,61,low_confidence
41_set3_rally35_ball7_Clear.mp4,True,62.295081967213115,38,61,low_confidence
41_set3_rally11_ball11_Smash.mp4,True,72.1311475409836,44,61,low_confidence
41_set1_rally17_ball7_Clear.mp4,True,100.0,61,61,low_confidence
41_set2_rally21_ball43_Clear.mp4,True,100.0,61,61,low_confidence
41_set2_rally36_ball10_Clear.mp4,True,40.98360655737705,25,61,low_confidence
41_set2_rally24_ball9_Smash.mp4,True,90.1639344262295,55,61,low_confidence
41_set2_rally17_ball20_Smash.mp4,True,49.18032786885246,30,61,low_confidence
41_set1_rally2_ball4_Clear.mp4,True,62.295081967213115,38,61,low_confidence
11_set3_rally5_ball5_Smash.mp4,True,86.27450980392157,44,51,low_confidence
11_set2_rally18_ball10_Smash.mp4,True,96.07843137254902,49,51,low_confidence
11_set2_rally4_ball7_Clear.mp4,True,100.0,51,51,low_confidence
11_set3_rally29_ball5_Smash.mp4,True,90.19607843137256,46,51,low_confidence
11_set3_rally28_ball3_Clear.mp4,True,88.23529411764706,45,51,low_confidence
11_set2_rally4_ball12_Clear.mp4,True,88.23529411764706,45,51,low_confidence
11_set2_rally35_ball28_Smash.mp4,True,100.0,51,51,low_confidence
11_set2_rally16_ball7_Smash.mp4,True,98.0392156862745,50,51,low_confidence
11_set1_rally20_ball15_Clear.mp4,True,98.0392156862745,50,51,low_confidence
11_set2_rally31_ball5_Smash.mp4,True,100.0,51,51,low_confidence
39_set3_rally8_ball8_Smash.mp4,True,52.459016393442624,32,61,low_confidence
39_set1_rally12_ball6_Smash.mp4,True,6.557377049180328,4,61,low_confidence
39_set2_rally25_ball23_Clear.mp4,True,19.672131147540984,12,61,low_confidence
39_set2_rally34_ball6_Smash.mp4,True,21.311475409836063,13,61,low_confidence
39_set2_rally33_ball5_Smash.mp4,True,86.88524590163934,53,61,low_confidence
39_set3_rally2_ball3_Clear.mp4,True,96.72131147540983,59,61,low_confidence
39_set1_rally31_ball5_Smash.mp4,True,9.836065573770492,6,61,low_confidence
39_set3_rally19_ball6_Smash.mp4,True,34.42622950819672,21,61,low_confidence
39_set1_rally32_ball4_Clear.mp4,True,85.24590163934425,52,61,low_confidence
39_set3_rally12_ball3_Clear.mp4,True,60.65573770491803,37,61,low_confidence
40_set2_rally25_ball2_Clear.mp4,True,31.147540983606557,19,61,low_confidence
40_set1_rally26_ball2_Clear.mp4,True,98.36065573770492,60,61,low_confidence
40_set2_rally19_ball7_Clear.mp4,True,93.44262295081968,57,61,low_confidence
40_set1_rally11_ball15_Smash.mp4,True,57.377049180327866,35,61,low_confidence
40_set2_rally21_ball5_Clear.mp4,True,95.08196721311475,58,61,low_confidence
40_set1_rally37_ball20_Clear.mp4,True,9.836065573770492,6,61,low_confidence
40_set1_rally47_ball5_Smash.mp4,True,54.09836065573771,33,61,low_confidence
40_set2_rally16_ball2_Clear.mp4,True,100.0,61,61,low_confidence
40_set1_rally17_ball7_Clear.mp4,True,13.114754098360656,8,61,low_confidence
40_set1_rally10_ball8_Clear.mp4,True,13.114754098360656,8,61,low_confidence
42_set2_rally21_ball16_Clear.mp4,True,98.36065573770492,60,61,low_confidence
42_set1_rally14_ball5_Clear.mp4,True,26.229508196721312,16,61,low_confidence
42_set1_rally24_ball2_Clear.mp4,True,24.59016393442623,15,61,low_confidence
42_set1_rally22_ball12_Clear.mp4,True,95.08196721311475,58,61,low_confidence
42_set1_rally35_ball5_Clear.mp4,True,63.934426229508205,39,61,low_confidence
42_set1_rally32_ball2_Smash.mp4,True,68.85245901639344,42,61,low_confidence
42_set1_rally11_ball10_Clear.mp4,True,98.36065573770492,60,61,low_confidence
42_set1_rally6_ball17_Clear.mp4,True,90.1639344262295,55,61,low_confidence
42_set1_rally31_ball3_Clear.mp4,True,70.49180327868852,43,61,low_confidence
42_set2_rally5_ball5_Clear.mp4,True,88.52459016393442,54,61,low_confidence
44_set3_rally16_ball14_Clear.mp4,True,95.08196721311475,58,61,low_confidence
44_set2_rally14_ball8_Smash.mp4,True,78.68852459016394,48,61,low_confidence
44_set3_rally27_ball8_Smash.mp4,True,95.08196721311475,58,61,low_confidence
44_set3_rally36_ball7_Smash.mp4,True,40.98360655737705,25,61,low_confidence
44_set3_rally14_ball10_Smash.mp4,True,50.81967213114754,31,61,low_confidence
44_set1_rally12_ball18_Smash.mp4,True,81.9672131147541,50,61,low_confidence
44_set3_rally19_ball5_Smash.mp4,True,80.32786885245902,49,61,low_confidence
44_set1_rally26_ball4_Clear.mp4,True,57.377049180327866,35,61,low_confidence
44_set1_rally32_ball21_Smash.mp4,True,80.32786885245902,49,61,low_confidence
44_set3_rally4_ball13_Smash.mp4,True,81.9672131147541,50,61,low_confidence
24_set2_rally10_ball4_Smash.mp4,True,65.57377049180327,40,61,low_confidence
24_set2_rally40_ball20_Smash.mp4,True,59.01639344262295,36,61,low_confidence
24_set2_rally15_ball2_Clear.mp4,True,81.9672131147541,50,61,low_confidence
24_set2_rally40_ball14_Clear.mp4,True,62.295081967213115,38,61,low_confidence
24_set2_rally36_ball29_Smash.mp4,True,63.934426229508205,39,61,low_confidence
24_set2_rally3_ball18_Clear.mp4,True,62.295081967213115,38,61,low_confidence
24_set1_rally19_ball31_Smash.mp4,True,57.377049180327866,35,61,low_confidence
24_set3_rally12_ball20_Smash.mp4,True,70.49180327868852,43,61,low_confidence
24_set2_rally17_ball24_Clear.mp4,True,75.40983606557377,46,61,low_confidence
24_set2_rally1_ball8_Smash.mp4,True,50.81967213114754,31,61,low_confidence
22_set1_rally31_ball10_Clear.mp4,True,50.81967213114754,31,61,low_confidence
22_set2_rally11_ball6_Clear.mp4,True,47.540983606557376,29,61,low_confidence
22_set1_rally15_ball4_Clear.mp4,True,72.1311475409836,44,61,low_confidence
22_set2_rally9_ball8_Clear.mp4,True,62.295081967213115,38,61,low_confidence
22_set2_rally3_ball9_Clear.mp4,True,81.9672131147541,50,61,low_confidence
22_set2_rally29_ball20_Clear.mp4,True,47.540983606557376,29,61,low_confidence
22_set2_rally30_ball6_Clear.mp4,True,72.1311475409836,44,61,low_confidence
22_set2_rally30_ball9_Clear.mp4,True,70.49180327868852,43,61,low_confidence
22_set1_rally28_ball12_Clear.mp4,True,63.934426229508205,39,61,low_confidence
22_set2_rally29_ball26_Clear.mp4,True,98.36065573770492,60,61,low_confidence
31_set2_rally16_ball4_Smash.mp4,True,100.0,61,61,low_confidence
31_set1_rally8_ball9_Clear.mp4,True,98.36065573770492,60,61,low_confidence
31_set2_rally7_ball23_Clear.mp4,True,100.0,61,61,low_confidence
31_set2_rally20_ball12_Smash.mp4,True,98.36065573770492,60,61,low_confidence
31_set1_rally8_ball11_Clear.mp4,True,91.80327868852459,56,61,low_confidence
31_set1_rally23_ball2_Clear.mp4,True,100.0,61,61,low_confidence
31_set1_rally22_ball6_Clear.mp4,True,100.0,61,61,low_confidence
31_set2_rally23_ball7_Smash.mp4,True,98.36065573770492,60,61,low_confidence
31_set1_rally6_ball13_Clear.mp4,True,95.08196721311475,58,61,low_confidence
31_set2_rally7_ball6_Clear.mp4,True,100.0,61,61,low_confidence
