feature_idx,feature_name,cohens_d,abs_cohens_d,t_statistic,p_value,clear_mean,smash_mean,clear_std,smash_std
58,l_forearm_vertical_angle_vel,0.1406272284590915,0.1406272284590915,4.937330393296513,8.18007535309981e-07,0.013782623622801705,-0.09384974678458315,0.7816800368341292,0.7458847832351738
57,r_forearm_pitch_vel,0.12974298611161694,0.12974298611161694,4.555191734002866,5.359466303831672e-06,0.029107618418041034,-0.07011537246711708,0.8057996546781147,0.7144334571747682
51,r_forearm_vertical_angle_vel,0.1297429861116169,0.1297429861116169,4.5551917340028645,5.359466303831704e-06,0.029107618418041045,-0.07011537246711702,0.8057996546781147,0.7144334571747682
53,r_wrist_elbow_vertical_vel,-0.114421228795354,0.114421228795354,-4.017308048048101,5.973933356582053e-05,-3.254317612193881e-05,5.372048782890731e-05,0.0007713616076759601,0.0007330237566472924
59,l_wrist_elbow_vertical_vel,-0.09151091000367545,0.09151091000367545,-3.2129293874295475,0.001322303170622072,-2.5090004621805663e-05,4.664789715168334e-05,0.0007879482862092642,0.0007789246751916064
39,l_wrist_height_rel_vel,-0.07997237505758131,0.07997237505758131,-2.807799291574291,0.0050076530603181705,-2.6306531387649136e-05,7.896505913980692e-05,0.001326057198443526,0.0013045247234445584
45,r_shoulder_angle_vel,0.07774340215351898,0.07774340215351898,2.729520210028815,0.006365074276096776,-0.017879400207576498,-0.07948787821135894,0.8113365609859245,0.7698765743481438
50,arm_straightness_vel,-0.07237812106591489,0.07237812106591489,-2.5411585025632424,0.011078832519043263,-5.6471970680220144e-05,0.0001302756841930521,0.0026014362182426804,0.002554394457774174
44,r_elbow_angle_vel,-0.07060480834408017,0.07060480834408017,-2.4788888407939975,0.013212290089932837,-0.001719399932966778,0.04113346412466114,0.6223942916397264,0.5884366276419749
38,r_wrist_height_rel_vel,-0.07047129707245664,0.07047129707245664,-2.474219284628467,0.013386037184726168,-2.7073165197099974e-05,6.991068633432963e-05,0.0014092873422285421,0.0013366312644095583
55,r_arm_plane_pronation_vel,-0.06847444571748644,0.06847444571748644,-2.4040949468758606,0.01624906990131288,-8.293346043276921e-05,0.0008366492662083032,0.013441175786733784,0.013410403088937156
4,l_wrist_depth,0.04886912179654023,0.04886912179654023,1.7157632917911934,0.08626792530182599,-0.023856468170074033,-0.026862214248667304,0.06219418330947729,0.06067982801260799
34,l_wrist_depth_vel,0.047012241285961424,0.047012241285961424,1.650579836365477,0.09888781324005047,0.00017069130577658572,9.808837513588244e-05,0.0014880954964593001,0.0016057872928462431
40,r_wrist_height_from_head_vel,-0.04208249005982109,0.04208249005982109,-1.4774972628594545,0.13960598485735837,4.6534377854226605e-06,7.809027135886687e-05,0.0017821714435620948,0.0017007033046981133
24,r_wrist_horizontal_reach,-0.0414699366848238,0.0414699366848238,-1.4559827229811635,0.1454607896739241,0.07359160622709517,0.07577492932707136,0.05378888004856551,0.05128502976480446
1,l_arm_extension,-0.04133270299468459,0.04133270299468459,-1.4511644676235598,0.1467974110462745,0.08799234173818858,0.09089554331876314,0.0700555255361604,0.0704202962403909
7,body_forward_lean,-0.037551972989814844,0.037551972989814844,-1.3184255562636051,0.18742220500423432,-0.011767067611945905,-0.009872983095776335,0.04876522173052408,0.052272416165474934
43,shoulder_width_vel,-0.037151465406340026,0.037151465406340026,-1.3043898707415884,0.1921613071519707,-5.8024049244642346e-05,-3.948262430536821e-05,0.0005149938918966345,0.0004799165131865404
30,r_arm_extension_vel,-0.036288553460643094,0.036288553460643094,-1.2740779538854061,0.2026955803818122,-0.00012877361246179644,-8.472054229066826e-05,0.0012563695285126753,0.0011628391391493107
47,shoulder_rotation_vel,0.03495269103283297,0.03495269103283297,1.2271662056176043,0.21981846468828553,0.03856533148554682,-0.032774976187251906,2.074862514861565,2.0006556920072973
18,r_upper_arm_length,-0.03477252901817905,0.03477252901817905,-1.220841113806101,0.2222043090924849,0.0587136411772174,0.06020263345808411,0.042571074740642444,0.04308737564521731
21,r_forearm_vertical_angle,0.03274734493644662,0.03274734493644662,1.149737935958332,0.250307347336708,85.31673150011588,84.1683170039295,35.29035345609401,34.79783244337009
27,r_forearm_pitch,0.032747344936446515,0.032747344936446515,1.1497379359583282,0.2503073473367096,-4.683268499884117,-5.83168299607049,35.29035345609401,34.79783244337009
25,r_arm_plane_pronation,0.030272595773833507,0.030272595773833507,1.0628511227812547,0.287901298532823,0.02673370415236599,0.008006196848042048,0.6234770909045804,0.6127486074610526
0,r_arm_extension,-0.03005843367200106,0.03005843367200106,-1.0553321552424255,0.2913249237667052,0.10323822897510208,0.10548092813980457,0.07492817072433017,0.07421355990986167
15,r_shoulder_angle,0.029564217114799698,0.029564217114799698,1.0379803929321791,0.29932986289352614,67.25713416183552,66.30164374795163,32.41412049396319,32.195781600001325
56,r_arm_plane_vertical_vel,-0.028182002815493025,0.028182002815493025,-0.9894530468009786,0.3224898743409357,-8.531917467244296e-05,0.00012962616784856858,0.00759084719680839,0.007665052124920962
9,l_wrist_height_rel,0.027475577467181152,0.027475577467181152,0.9646497621709782,0.3347673703974632,0.022970245180611772,0.021157228670713756,0.06544887068690973,0.06656959700590753
23,r_wrist_elbow_vertical,-0.02627168633622507,0.02627168633622507,-0.922382029140705,0.3563742767702911,0.001949757375324774,0.0029345921852698058,0.03755580586023736,0.037390614704234874
3,r_wrist_depth,0.022913709226892173,0.022913709226892173,0.8044855091604622,0.4211552544720786,-0.03753090481243968,-0.039153337348296145,0.07154979732184193,0.06991216209560802
48,r_upper_arm_length_vel,-0.022419664581714297,0.022419664581714297,-0.7871517030883449,0.4312307365639193,-6.493668666497192e-05,-5.0097994889689605e-05,0.0006964856144543582,0.0006194245991173613
13,shoulder_width,-0.020964008394707627,0.020964008394707627,-0.7360329222386613,0.4617455245603306,0.04251842018457067,0.04313054219991915,0.029079367446681756,0.02932242242667462
19,r_forearm_length,-0.018919214863590036,0.018919214863590036,-0.6642414630367944,0.5065667061774908,0.05729871210940476,0.05807958948466144,0.04237077713129661,0.03996070323356111
6,r_elbow_depth,0.016589486981154967,0.016589486981154967,0.5824462416916555,0.560292659500126,-0.016334879139231543,-0.016913478936146555,0.034671665159715516,0.03509713765591708
32,arm_extension_ratio_vel,-0.015590551421730518,0.015590551421730518,-0.5473743048989046,0.5841462719714399,0.00038540310284180103,0.0007985075791717974,0.02641247288731562,0.026582410367917243
42,r_wrist_lateral_vel,0.01515545152948187,0.01515545152948187,0.5321063696357268,0.5946761972469641,1.646151184091187e-05,6.797784636606237e-06,0.0006381515267420583,0.0006367550987887267
46,torso_lean_vel,-0.014711151135611554,0.014711151135611554,-0.5164989303022846,0.6055290493265086,0.12445467029499807,0.15135206222563247,1.8621120105611677,1.7880557611208239
12,r_wrist_lateral,0.014689027603272307,0.014689027603272307,0.5157224125468968,0.6060713221435974,-8.737019050203344e-05,-0.00041981738616076174,0.02207692832203421,0.02324371678585516
5,r_wrist_depth_from_hip,-0.01455413906117683,0.01455413906117683,-0.5109863912116198,0.6093833657544752,-0.053928013149945095,-0.05258379070199872,0.09344935495330907,0.09105375344048186
14,r_elbow_angle,-0.013308069140484319,0.013308069140484319,-0.4672376334040239,0.6403504291751272,127.18367067846621,127.45292869602206,20.05143864846274,20.429986910955257
41,r_elbow_height_rel_vel,-0.012977096149125952,0.012977096149125952,-0.4556229026250228,0.6486811482049164,5.470010924838837e-06,1.6190198505422348e-05,0.000841942232839731,0.0008071194036936531
54,r_wrist_horizontal_reach_vel,0.012182912085272682,0.012182912085272682,0.42773792539787486,0.6688605345895299,-0.00011224860487272989,-0.00012587935198347033,0.001127020667586625,0.0011088716506009635
20,arm_straightness,-0.011913104085763272,0.011913104085763272,-0.4182613706173616,0.675774166624699,0.8772603517694051,0.8782323837841405,0.08032191795108483,0.08299374008557654
8,r_wrist_height_rel,-0.009607437287174824,0.009607437287174824,-0.33731090403140257,0.7358968365078608,0.015844837822166117,0.01659648601863935,0.07795108980031376,0.07852798929378359
36,r_elbow_depth_vel,-0.009387664245710805,0.009387664245710805,-0.3295994017143892,0.7417166150487012,3.843902246036084e-05,4.512328824866047e-05,0.0007263983948874235,0.0006948324010577159
10,r_wrist_height_from_head,-0.008898727216339197,0.008898727216339197,-0.3124285414063804,0.754728017281081,0.028046366159044607,0.029000740148059704,0.10588391460239682,0.1087469768457173
28,l_forearm_vertical_angle,0.0086480420973672,0.0086480420973672,0.30362712124412755,0.7614247424991251,82.92942293511234,82.65810827909084,31.143141368205676,31.62109693476499
49,r_forearm_length_vel,-0.0068991463788189615,0.0068991463788189615,-0.24222793929215114,0.8086135778958139,-6.952787369808556e-05,-6.462259558519263e-05,0.0007109849943160104,0.000710682833700099
33,r_wrist_depth_vel,-0.0066901841740276795,0.0066901841740276795,-0.23488956642746733,0.8143041595213286,0.00010424460804482512,0.0001143127758364196,0.0015100339810955913,0.0014983464572249242
17,shoulder_rotation,-0.00513930415372381,0.00513930415372381,-0.18043761900478983,0.8568164067243431,4.4007472458908214,4.789365098062008,75.47332835858177,75.74841750991247
11,r_elbow_height_rel,0.004537132488251373,0.004537132488251373,0.1592957953027857,0.8734423296117968,0.013895080446841346,0.013661893833369543,0.051005568190108146,0.05181643139050868
31,l_arm_extension_vel,0.004532815300670762,0.004532815300670762,0.15914557784466848,0.8735606698660889,-8.037006077640529e-05,-8.557038418085402e-05,0.001155312304358023,0.0011374303837503542
29,l_wrist_elbow_vertical,0.004140730694182047,0.004140730694182047,0.14537839953394666,0.8844180348800822,0.007926286713709254,0.007788963200262128,0.032424671488909214,0.033978598460271466
52,r_forearm_horizontal_angle_vel,-0.003575432368532429,0.003575432368532429,-0.12553110047424143,0.9001082008996855,-0.014344109112770391,-0.005748251550232345,2.435183578876127,2.3669724598724744
35,r_wrist_depth_from_hip_vel,-0.0032013107452869686,0.0032013107452869686,-0.11239645907528188,0.9105136184322641,0.00021784259922460054,0.0002246902549741001,0.002303141153879354,0.0019325670183884373
2,arm_extension_ratio,-0.0026309280890469164,0.0026309280890469164,-0.0923701712169164,0.9264076744382125,1.42385705512387,1.4266216805792276,0.906166554247558,1.1950144657736566
26,r_arm_plane_vertical,-0.0024879482878869103,0.0024879482878869103,-0.08735024573927143,0.9303966480950163,-0.09037539270883277,-0.08965679649815025,0.28554739493207537,0.2924291585459388
16,torso_lean,0.0016714733088849115,0.0016714733088849115,0.058684338398318214,0.9532059018446013,-38.07177509763918,-38.18727968653241,69.07172131587203,69.10991368692662
22,r_forearm_horizontal_angle,-0.0016282223032836848,0.0016282223032836848,-0.057165823780481226,0.9544154086808233,11.470725126176358,11.630602562404727,97.93104810360711,98.4468427777008
37,body_forward_lean_vel,-0.000526029017994732,0.000526029017994732,-0.018468703038060554,0.9852656887078182,0.00010772504060058072,0.00010830647549685114,0.0011341846273833001,0.0010707459996899965
